,Unnamed: 0,Country,Population 2020,Population 2019,"COVID-19 deaths per 100,000 population in 2020",Median age,Island,Index of exposure to COVID-19  infections in other countries as of March 31,Log of average distance to SARS countries,WHO Western Pacific Region,Index of institutional trust,Gini coefficient of income,"All-cause death count, 2017","All-cause death count, 2018","All-cause death count, 2019","All-cause death count, 2020","Excess deaths in 2020 per 100,000 population, relative to 2017-2019 average",Happiness Score 2019,Happiness Score 2020,Happiness Score 2015,Happiness Score 2016,Happiness Score 2017,Happiness Score 2018,2019-2020,2018-2019,2017-2018,2016-2017,2015-2016
54,54,Afghanistan,38928341.0,38041754.0,5.628300189971924,18.600000381469727,0,1.106934905052185,8.623236656188965,0,0.0464478097856044,31.0,,,,,,3.203,2.566900015,3.575,3.36,3.79399991035461,3.632,-0.636099985,-0.42900000000000027,-0.1619999103546097,0.43399991035460994,-0.2150000000000003
64,64,Zimbabwe,14862927.0,14645468.0,2.442300081253052,19.600000381469727,0,0.645424485206604,9.244179725646973,0,0.2865124642848968,40.3625,,,,,,3.663,3.299200058,4.61,4.193,3.875,3.692,-0.363799942,-0.02900000000000036,-0.18299999999999983,-0.3179999999999996,-0.4170000000000007
33,33,Tanzania,59734213.0,58005463.0,0.0351999998092651,17.700000762939453,0,0.7318025827407837,9.153142929077148,0,0.620562732219696,37.78,,,,,,3.231,3.476200104,3.781,3.666,3.34899997711182,3.303,0.24520010400000025,-0.07200000000000006,-0.04599997711182002,-0.31700002288817997,-0.11500000000000021
38,38,Malawi,19129955.0,18628747.0,0.9880000352859496,18.100000381469727,0,0.6672336459159851,9.206979751586914,0,0.3226570188999176,44.69,,,,,,3.41,3.538000107,4.292,4.156,3.97000002861023,3.587,0.12800010699999964,-0.17700000000000005,-0.38300002861022975,-0.18599997138976976,-0.13600000000000012
27,27,India,1380004385.0,1366417754.0,10.77810001373291,28.200000762939453,0,0.9366806745529176,8.532171249389648,0,0.5260490775108337,39.334375,,,,,,4.015,3.573299885,4.565,4.404,4.31500005722046,4.19,-0.4417001149999997,-0.1750000000000007,-0.12500005722045948,-0.08899994277954004,-0.16100000000000048
52,52,Zambia,18383956.0,17861030.0,2.110499858856201,17.700000762939453,0,0.6666667461395264,9.251139640808104,0,0.3215149939060211,57.14,,,,,,4.107,3.759399891,5.129,4.795,4.51399993896484,4.377,-0.34760010900000005,-0.2699999999999996,-0.13699993896484042,-0.28100006103515973,-0.33399999999999963
63,63,Sierra Leone,7976985.0,7813215.0,0.9527000188827516,19.100000381469727,0,0.9624727368354796,9.401023864746094,0,0.3384918868541717,34.03,,,,,,4.374,3.926399946,4.507,4.635,4.70900011062622,4.571,-0.4476000539999996,-0.19700000000000006,-0.13800011062622008,0.07400011062622003,0.1280000000000001
1,1,Egypt,102334403.0,100388073.0,7.456900119781494,25.299999237060547,0,1.626674771308899,9.00685977935791,0,0.445924311876297,31.56,,,,,,4.166,4.151400089,4.194,4.362,4.7350001335144,4.419,-0.014599911000000354,-0.2529999999999992,-0.31600013351440026,0.37300013351439976,0.16800000000000015
49,49,Ethiopia,114963583.0,112078730.0,1.6726999282836914,19.799999237060547,0,0.915070116519928,9.047481536865234,0,0.3968652188777923,33.4975,,,,,,4.286,4.186200142,4.512,4.508,4.46000003814697,4.35,-0.09979985799999991,-0.06400000000000006,-0.11000003814697035,-0.047999961853030015,-0.0039999999999995595
111,111,Togo,8278737.0,8082366.0,0.821399986743927,19.399999618530277,0,0.9663538932800292,9.329300880432127,0,0.2123055458068847,43.06,,,,,,4.085,4.187200069,2.839,3.303,3.49499988555908,3.999,0.10220006900000023,0.08599999999999985,0.5040001144409203,0.19199988555907987,0.46399999999999997
47,47,Myanmar,54409794.0,54045420.0,4.929299831390381,29.100000381469727,0,0.7592831254005432,8.298598289489746,0,0.6214678287506104,38.07,,,,,,4.36,4.308000088,4.307,4.395,4.54500007629395,4.308,-0.051999912000000315,0.05200000000000049,-0.23700007629394992,0.15000007629395018,0.08799999999999919
43,43,Sri Lanka,21413250.0,21670000.0,0.9527000188827516,34.099998474121094,1,0.7049904465675354,8.635091781616211,0,0.3675445318222046,41.93666666666667,,,,,,4.366,4.327000141,4.271,4.415,4.44000005722046,4.471,-0.03899985899999958,-0.10500000000000043,0.030999942779540213,0.025000057220459837,0.14400000000000013
112,112,Tunisia,11818618.0,11694719.0,39.564701080322266,32.70000076293945,0,3.017868757247925,9.118125915527344,0,0.129422590136528,32.82,,,,,,4.461,4.392199993,4.739,5.045,4.80499982833862,4.592,-0.06880000700000011,-0.13099999999999934,-0.21299982833862074,-0.24000017166137955,0.30600000000000005
36,36,Uganda,45741000.0,44269594.0,0.5486999750137329,16.399999618530273,0,0.8155328035354614,9.14323902130127,0,0.2393098622560501,42.75,,,,,,4.189,4.43200016,3.931,3.739,4.08099985122681,4.161,0.24300016000000024,0.02800000000000047,0.0800001487731894,0.3419998512268103,-0.19200000000000017
60,60,Ukraine,43733759.0,44385155.0,44.08720016479492,41.400001525878906,0,2.206019639968872,8.928791046142578,0,0.0590685829520225,25.0,574123.0,587665.0,581114.0,616835.0,81.40746307373047,4.332,4.56069994,4.681,4.324,4.09600019454956,4.103,0.22869994000000027,0.2290000000000001,0.0069998054504401,-0.22799980545044018,-0.3570000000000002
32,32,Kenya,53771300.0,52573973.0,3.1057000160217285,20.0,0,0.7814594507217407,9.118931770324709,0,0.3310456573963165,40.78,,,,,,4.509,4.583000183,4.419,4.356,4.55299997329712,4.41,0.07400018299999989,0.0990000000000002,-0.1429999732971199,0.19699997329712016,-0.06299999999999972
5,5,Jordan,10203140.0,10101694.0,37.576698303222656,23.200000762939453,0,1.8946033716201784,8.960691452026367,0,0.4654549360275268,33.1,,,,,,4.906,4.633399963,5.192,5.303,5.33599996566772,5.161,-0.27260003700000013,-0.2549999999999999,-0.17499996566772058,0.03299996566772023,0.11099999999999977
23,23,Iran,83992953.0,82913906.0,65.74720001220703,32.400001525878906,0,1.7066987752914429,8.809122085571289,0,0.3672230541706085,39.97,,,,,,4.548,4.672399998,4.686,4.813,4.69199991226196,4.707,0.12439999800000034,-0.1589999999999998,0.015000087738039625,-0.1210000877380395,0.12699999999999978
55,55,Georgia,3989175.0,3720382.0,62.794898986816406,38.70000076293945,0,1.7055425643920898,8.850701332092285,0,0.198270782828331,37.94,,,,,,4.519,4.672599792,4.297,4.252,4.28599977493286,4.34,0.15359979199999962,0.17900000000000027,0.05400022506713942,0.03399977493286066,-0.04499999999999993
69,69,Armenia,2963234.0,2957731.0,95.26750183105467,35.70000076293945,0,1.7618467807769775,8.857871055603027,0,0.1740662157535553,33.62,27367.0,25645.0,26252.0,35371.0,302.3042907714844,4.559,4.676799774,4.35,4.36,4.37599992752075,4.321,0.11779977399999986,0.23800000000000043,-0.05499992752075045,0.015999927520749857,0.010000000000000675
31,31,Nigeria,206139587.0,200963599.0,0.6252999901771545,18.100000381469727,0,1.02329421043396,9.27917766571045,0,0.1999393999576568,44.894000000000005,,,,,,5.265,4.724100113,5.268,4.875,5.07399988174438,5.155,-0.5408998869999992,0.10999999999999943,0.08100011825561992,0.19899988174438032,-0.3929999999999998
50,50,Mali,20250834.0,19658031.0,1.3282999992370603,16.399999618530273,0,1.0703725814819336,9.35182762145996,0,0.2743140757083893,33.04,,,,,,4.39,4.729300022,3.995,4.073,4.19000005722046,4.447,0.33930002200000065,-0.057000000000000384,0.2569999427795402,0.11700005722045947,0.07800000000000029
61,61,Burkina Faso,20903278.0,20321378.0,0.4065999984741211,17.600000381469727,0,1.092144012451172,9.31783390045166,0,0.3586739301681518,35.300000000000004,,,,,,4.587,4.768700123,3.587,3.739,4.03200006484985,4.424,0.1817001230000006,0.16299999999999937,0.3919999351501504,0.2930000648498501,0.1519999999999997
3,3,Lebanon,6825442.0,6855713.0,21.507801055908203,31.100000381469727,0,1.891433835029602,8.956013679504395,0,0.1066327691078186,31.83,,,,,,5.197,4.771500111,4.839,5.129,5.22499990463257,5.358,-0.42549988900000013,-0.1609999999999996,0.13300009536742952,0.09599990463257058,0.28999999999999915
88,88,Iraq,40222503.0,39309783.0,31.855300903320312,20.0,0,1.652010202407837,8.882006645202637,0,0.1326655745506286,33.120000000000005,,,,,,4.437,4.784800053,4.677,4.575,4.49700021743774,4.456,0.3478000529999994,-0.019000000000000128,-0.041000217437739295,-0.07799978256226048,-0.10199999999999942
39,39,South Africa,59308690.0,58558270.0,48.00139999389648,27.299999237060547,0,0.6065149307250977,9.297284126281738,0,0.1927377730607986,65.42600000000002,,,,566004.0,,4.722,4.814099789,4.642,4.459,4.8289999961853,4.724,0.09209978899999971,-0.0019999999999997797,-0.10499999618529987,0.36999999618530044,-0.18300000000000072
84,84,Gabon,2225728.0,2172579.0,2.875499963760376,23.100000381469727,0,0.864660382270813,9.30491065979004,0,0.1038905307650566,38.02,,,,,,4.799,4.829299927,3.896,4.121,4.46500015258789,4.758,0.030299926999999727,0.04100000000000037,0.29299984741211027,0.3440001525878893,0.22500000000000053
9,9,Bangladesh,164689383.0,163046161.0,4.589900016784668,27.5,0,0.8239312767982483,8.34893798828125,0,0.576997697353363,43.9725,,,,,,4.456,4.832799911,4.694,4.643,4.60799980163574,4.5,0.376799911,-0.043999999999999595,-0.10799980163574041,-0.03500019836425938,-0.051000000000000156
46,46,Cambodia,16718971.0,16486542.0,0.0,25.600000381469727,0,0.714238166809082,8.255621910095215,1,0.4981042146682739,36.0,,,,,,4.7,4.848400116,3.819,3.907,4.16800022125244,4.433,0.14840011599999947,0.26700000000000035,0.2649997787475602,0.2610002212524396,0.08800000000000008
66,66,Albania,2877800.0,2854191.0,41.03829956054688,38.0,0,3.058283567428589,9.035890579223633,0,0.1501387804746627,28.96,,,,,,4.719,4.882699966,4.959,4.655,4.64400005340576,4.586,0.16369996599999936,0.133,-0.058000053405759644,-0.010999946594240306,-0.3039999999999994
85,85,Guinea,13132792.0,12771246.0,0.6168000102043152,19.0,0,0.970016360282898,9.40855884552002,0,0.3492297828197479,33.730000000000004,,,,,,4.534,4.949299812,3.656,3.607,3.50699996948242,3.964,0.41529981199999977,0.5699999999999998,0.45700003051757987,-0.10000003051758011,-0.04899999999999993
51,51,Senegal,16743930.0,16296364.0,2.4486000537872314,18.700000762939453,0,1.0616328716278076,9.390358924865724,0,0.3554240465164184,40.29,,,,,,4.681,4.980800152,3.904,4.219,4.53499984741211,4.631,0.29980015199999954,0.04999999999999982,0.09600015258788996,0.31599984741210996,0.3150000000000004
67,67,Algeria,43851043.0,43053054.0,6.284899711608887,29.100000381469727,0,2.9326887130737305,9.159029006958008,0,0.4148748815059662,27.62,,,,,,5.211,5.005099773,5.605,6.355,5.87200021743774,5.295,-0.20590022699999988,-0.08399999999999963,-0.5770002174377398,-0.4829997825622607,0.75
28,28,Venezuela,28435943.0,28515829.0,3.615100145339966,29.0,0,0.890544056892395,9.564495086669922,0,0.1201588734984397,37.8,,,,,,4.707,5.053199768,6.81,6.084,5.25,4.806,0.34619976799999996,-0.0990000000000002,-0.44399999999999995,-0.8339999999999996,-0.726
62,62,Cameroon,26545864.0,25876380.0,1.6875998973846436,18.799999237060547,0,0.9193479418754578,9.275794982910156,0,0.281468778848648,46.64,,,,,,5.044,5.084899902,4.252,4.513,4.69500017166138,4.975,0.04089990200000049,0.06899999999999995,0.27999982833862,0.18200017166137972,0.2610000000000001
2,2,Morocco,36910558.0,36471769.0,20.016000747680664,29.600000381469727,0,2.336052894592285,9.226011276245115,0,0.397255003452301,39.55,,,,,,5.208,5.094799995,5.013,5.151,5.2350001335144,5.254,-0.11320000500000038,-0.045999999999999375,0.018999866485599703,0.08400013351440005,0.1379999999999999
74,74,Bulgaria,6948445.0,6975761.0,109.03160095214844,44.70000076293945,0,2.6916964054107666,9.007079124450684,0,0.0732942223548889,39.6,109330.0,108247.0,107849.0,126525.0,259.25592041015625,5.011,5.101500034,4.218,4.217,4.71400022506714,4.933,0.09050003399999973,0.07800000000000029,0.21899977493286027,0.4970002250671399,-0.001000000000000334
26,26,China,1439323774.0,1397715000.0,0.3321999907493591,38.70000076293945,0,1.0972458124160769,8.213040351867676,1,0.5163989663124084,46.7,,,,,,5.191,5.123899937,5.14,5.245,5.27299976348877,5.246,-0.06710006299999982,-0.055000000000000604,-0.02699976348876998,0.027999763488770313,0.10500000000000043
6,6,Turkey,84339067.0,83429615.0,24.758399963378903,31.600000381469727,0,2.066906452178955,8.951714515686035,0,0.2950316071510315,40.55,,,,,,5.373,5.131800175,5.332,5.389,5.5,5.483,-0.2411998249999998,-0.10999999999999943,-0.017000000000000348,0.11099999999999977,0.057000000000000384
99,99,Nepal,29136808.0,28608710.0,6.369900226593018,25.0,0,0.8772907257080078,8.417630195617676,0,0.3922166526317596,32.84,,,,,,4.913,5.137199879,4.514,4.793,4.96199989318848,4.88,0.2241998789999995,0.03300000000000036,-0.08199989318848022,0.16899989318847997,0.2789999999999999
35,35,Ghana,31072945.0,30417856.0,1.0780999660491943,21.100000381469727,0,0.9520256519317628,9.341736793518066,0,0.305117517709732,43.52,,,,,,4.996,5.147999763,4.633,4.276,4.11999988555908,4.657,0.15199976299999918,0.3390000000000004,0.5370001144409198,-0.15600011444091955,-0.3570000000000002
37,37,Benin,12123198.0,11801151.0,0.3628999888896942,18.799999237060547,0,0.970544159412384,9.319047927856444,0,0.398125946521759,47.76,,,,,,4.883,5.21600008,3.34,3.484,3.65700006484985,4.141,0.3330000799999997,0.742,0.48399993515015005,0.17300006484984998,0.14400000000000013
90,90,Ivory Coast,26378275.0,25716544.0,0.5194000005722046,18.700000762939453,0,0.9639504551887512,9.36520767211914,0,0.2853160202503204,48.594,,,,,,4.944,5.233300209,3.655,3.916,4.17999982833862,4.671,0.2893002090000003,0.2729999999999997,0.4910001716613799,0.26399982833862046,0.2610000000000001
8,8,Indonesia,273523621.0,270625568.0,8.093599319458008,29.299999237060547,1,0.5756047368049622,8.577746391296387,0,0.5607911944389343,37.47749999999999,,,,,,5.192,5.285600185,5.399,5.314,5.26200008392334,5.093,0.09360018499999967,0.0990000000000002,-0.16900008392333987,-0.05199991607666021,-0.08499999999999996
44,44,Vietnam,97338583.0,96462106.0,0.0360000021755695,32.599998474121094,0,0.8066069483757019,8.108026504516602,1,0.4901334941387176,40.1,,,,,,5.175,5.353499889,5.36,5.061,5.07399988174438,5.103,0.17849988900000024,0.07200000000000006,0.029000118255619434,0.012999881744380382,-0.2990000000000004
94,94,Malaysia,32365998.0,31949777.0,1.455199956893921,29.899999618530277,0,0.7138990759849548,8.415206909179688,1,0.4429289102554321,41.04,168100.0,172100.0,173700.0,174300.0,9.328970909118652,5.339,5.384300232,5.77,6.005,6.08400011062622,6.322,0.045300231999999774,-0.9829999999999997,0.23799988937378025,0.07900011062621992,0.23500000000000032
97,97,Mongolia,3278292.0,3225167.0,0.0305000003427267,28.600000381469727,0,1.1396116018295288,8.326016426086426,1,0.1021400690078735,32.35,15812.0,17331.0,17205.0,15922.0,-26.467947006225582,5.285,5.456200123,4.874,4.907,4.95499992370605,5.125,0.1712001230000002,0.16000000000000014,0.17000007629394975,0.04799992370605022,0.03300000000000036
77,77,Croatia,4105268.0,4067500.0,95.48709869384766,44.0,0,4.057454109191895,9.037494659423828,0,0.1312802731990814,29.7,53269.0,52562.0,51611.0,57922.0,133.15762329101562,5.432,5.504700184,5.759,5.488,5.29300022125244,5.321,0.07270018399999945,0.11100000000000065,0.0279997787475601,-0.1949997787475608,-0.2709999999999999
21,21,Greece,10423056.0,10716322.0,46.416297912597656,45.29999923706055,0,2.32733154296875,9.025693893432615,0,0.1242164522409439,32.3,124069.0,119952.0,124538.0,132966.0,95.67926025390624,5.287,5.514999866,4.857,5.033,5.22700023651123,5.358,0.22799986600000022,-0.07099999999999973,0.13099976348877007,0.19400023651122922,0.17600000000000016
57,57,Kyrgyzstan,6524191.0,6456900.0,20.76889991760254,26.299999237060547,0,1.0801770687103271,8.565892219543457,0,0.1864581704139709,27.34,33166.0,32989.0,33295.0,39977.0,105.18376159667967,5.261,5.541500092,5.286,5.185,5.00400018692017,5.131,0.2805000919999996,0.1299999999999999,0.12699981307983066,-0.18099981307983004,-0.10099999999999998
59,59,Russia,145934460.0,144373535.0,38.55910110473633,39.59999847412109,0,1.770572543144226,8.86870288848877,0,0.195937231183052,34.559999999999995,1824340.0,1827827.0,1800683.0,2124479.0,211.4047088623047,5.648,5.546000004,5.716,5.856,5.96299982070923,5.81,-0.10199999599999998,-0.16199999999999992,-0.15299982070923068,0.10699982070923042,0.13999999999999968
98,98,Montenegro,628062.0,622137.0,108.58799743652344,39.09999847412109,0,3.1344106197357178,9.014948844909668,0,0.2156447619199752,31.93,,,,,,5.523,5.54610014,5.192,5.161,5.23699998855591,5.347,0.02310014000000038,0.17599999999999927,0.11000001144409044,0.07599998855591039,-0.031000000000000583
110,110,Tajikistan,9537642.0,9321018.0,0.9435999989509584,23.299999237060547,0,1.1353672742843628,8.623944282531738,0,0.5537751317024231,34.0,32027.0,32699.0,33537.0,41743.0,95.32666778564452,5.467,5.555699825,4.786,4.996,5.04099988937378,5.199,0.08869982499999995,0.2679999999999998,0.15800011062621966,0.044999889373779745,0.21000000000000085
58,58,Moldova,4033963.0,2657637.0,73.99669647216797,37.59999847412109,0,2.348018169403076,8.952219009399414,0,0.103947103023529,25.9,36768.0,37176.0,36794.0,40382.0,103.69215393066406,5.529,5.607500076,5.889,5.897,5.83799982070923,5.64,0.07850007600000009,-0.11099999999999977,-0.1979998207092306,-0.05900017929076995,0.008000000000000007
73,73,Bosnia and Herzegovina,3280815.0,3301000.0,123.44490051269533,42.5,0,3.508873701095581,9.032291412353516,0,0.0642600804567337,33.03,,,,,,5.386,5.674099922,4.949,5.163,5.18200016021729,5.129,0.2880999219999998,0.25700000000000056,-0.05300016021729004,0.01900016021728934,0.2140000000000004
79,79,Dominican Republic,10847904.0,10738958.0,22.253101348876957,27.600000381469727,1,1.1295652389526367,9.50285530090332,0,0.1985784769058227,44.4,,,,,,5.425,5.689199924,4.885,5.155,5.23000001907349,5.302,0.2641999240000006,0.12300000000000022,0.07199998092650972,0.07500001907348963,0.27000000000000046
103,103,Paraguay,7132530.0,7044636.0,31.71390151977539,26.5,0,0.5909669399261475,9.725844383239746,0,0.1381448656320572,47.4,29021.0,31258.0,32362.0,34139.0,45.97062683105469,5.743,5.692100048,5.878,5.538,5.49300003051758,5.681,-0.05089995199999997,0.06200000000000028,0.18799996948242015,-0.044999969482420354,-0.33999999999999986
7,7,Pakistan,220892331.0,216565318.0,4.606800079345703,23.5,0,1.0482311248779297,8.576827049255371,0,0.2768778204917907,33.45,,,,,,5.653,5.69329977,5.194,5.132,5.26900005340576,5.472,0.040299770000000734,0.18099999999999916,0.20299994659424048,0.13700005340576027,-0.06200000000000028
72,72,Bolivia,11673029.0,11513100.0,78.51429748535156,25.399999618530277,0,0.608559787273407,9.72626781463623,0,0.1011612564325332,43.8,,,,,,5.779,5.747499943,5.89,5.822,5.82299995422363,5.752,-0.03150005699999969,0.027000000000000135,-0.07099995422363037,0.000999954223630084,-0.06799999999999962
106,106,Serbia,6804596.0,6944975.0,47.188697814941406,41.20000076293945,0,3.1344106197357178,9.014948844909668,0,0.220901221036911,37.8,103722.0,101655.0,102131.0,114954.0,181.11599731445312,5.603,5.77820015,5.123,5.177,5.39499998092651,5.398,0.17520015000000022,0.20500000000000007,0.003000019073489568,0.21799998092651052,0.05399999999999938
104,104,Peru,32971846.0,32510453.0,114.279296875,29.100000381469727,0,0.6362667679786682,9.689529418945312,0,0.0959205031394958,43.9,98704.0,112516.0,114560.0,214503.0,323.4757080078125,5.697,5.796800137,5.824,5.743,5.71500015258789,5.663,0.0998001369999999,0.03399999999999981,-0.05200015258788948,-0.02799984741211059,-0.08099999999999952
25,25,Japan,126476458.0,126264931.0,2.60290002822876,48.20000076293945,1,0.8627890348434448,8.390191078186035,1,0.3174663186073303,33.9,1340567.0,1362470.0,1387775.0,1376426.0,10.146339416503906,5.886,5.870800018,5.987,5.921,5.92000007629395,5.915,-0.01519998200000039,-0.028999999999999915,-0.005000076293949718,-0.0009999237060505095,-0.06599999999999984
53,53,South Korea,51269183.0,51709098.0,1.788599967956543,43.400001525878906,0,1.6065058708190918,8.228276252746582,1,0.1118274331092834,35.5,284548.0,298030.0,294080.0,308318.0,31.2661190032959,5.895,5.872399807,5.984,5.835,5.83799982070923,5.875,-0.022600192999999713,0.019999999999999574,0.03700017929076971,0.0029998207092303275,-0.14900000000000002
91,91,Jamaica,2961161.0,2948279.0,10.198699951171877,31.399999618530277,1,1.044930100440979,9.50208854675293,0,0.133246898651123,37.48,,,,,,5.89,5.889800072,5.709,5.51,5.31099987030029,5.89,-0.00019992799999979383,0.0,0.5790001296997094,-0.19900012969970948,-0.19899999999999984
105,105,Portugal,10196707.0,10269417.0,67.72769927978516,46.20000076293945,0,3.2235987186431885,9.207305908203123,0,0.2483617514371872,32.1,109283.0,112692.0,111474.0,125500.0,140.23501586914062,5.693,5.910900116,5.102,5.123,5.19500017166138,5.41,0.21790011600000003,0.2829999999999995,0.21499982833862052,0.0720001716613794,0.020999999999999908
80,80,Ecuador,17643060.0,17373662.0,79.54399871826172,28.100000381469727,0,0.7891846895217896,9.633696556091309,0,0.2052874863147735,45.4,70049.0,71769.0,73479.0,115842.0,251.7445068359375,6.028,5.925199986,5.975,5.976,6.00799989700317,5.973,-0.1028000139999996,0.054999999999999716,-0.03499989700317041,0.0319998970031703,0.001000000000000334
92,92,Latvia,1886202.0,1912789.0,33.66550064086914,43.900001525878906,0,2.490190029144287,8.942621231079102,0,0.0961605235934257,35.6,28659.0,28743.0,27632.0,28989.0,33.921321868896484,5.94,5.949999809,5.098,5.56,5.84999990463257,5.933,0.00999980899999997,0.007000000000000561,0.0830000953674297,0.2899999046325705,0.46199999999999974
86,86,Honduras,9904608.0,9588000.0,31.60150146484375,24.899999618530277,0,0.8872699737548828,9.510899543762209,0,0.2087189555168151,48.1,,,,,,5.86,5.953199863,4.788,4.871,5.18100023269653,5.504,0.09319986299999972,0.35600000000000076,0.3229997673034699,0.3100002326965292,0.08300000000000018
68,68,Argentina,45195777.0,44938712.0,95.68370056152344,31.899999618530277,0,0.5493663549423218,9.717082023620604,0,0.091058999300003,39.6,,,,,,6.086,5.974699974,6.574,6.65,6.59899997711182,6.388,-0.11130002600000033,-0.3019999999999996,-0.21099997711182006,-0.051000022888180396,0.07600000000000051
45,45,Thailand,69799978.0,69625582.0,0.0903000012040138,40.09999847412109,0,0.7512210607528687,8.270149230957031,0,0.3538291156291961,35.315,468911.0,473541.0,506211.0,501438.0,26.60967445373535,6.008,5.998799801,6.455,6.474,6.42399978637695,6.072,-0.009200199000000353,-0.06400000000000006,-0.3519997863769495,-0.05000021362305063,0.019000000000000128
18,18,Hungary,9660350.0,9769949.0,98.7230987548828,43.400001525878906,0,3.554931879043579,9.011205673217772,0,0.2525981068611145,28.7,131293.0,130624.0,129266.0,142921.0,128.93948364257812,5.758,6.000400066,4.8,5.145,5.32399988174438,5.62,0.24240006600000008,0.1379999999999999,0.2960001182556198,0.17899988174438075,0.34499999999999975
42,42,Philippines,109581085.0,108116615.0,8.435800552368164,25.200000762939453,1,0.7396153807640076,8.226012229919434,1,0.5199505090713501,42.23,,,,,,5.631,6.006000042,5.073,5.279,5.42999982833862,5.524,0.3750000419999999,0.1070000000000002,0.09400017166137964,0.15099982833862047,0.20599999999999952
82,82,Estonia,1326539.0,1326590.0,17.26300048828125,42.70000076293945,0,2.365309238433838,8.930441856384277,0,0.2702766358852386,30.6,15476.0,15684.0,15332.0,16206.0,53.42122268676758,5.893,6.021800041,5.429,5.517,5.61100006103516,5.739,0.12880004099999987,0.15399999999999991,0.12799993896484008,0.09400006103515945,0.08800000000000008
56,56,Kazakhstan,18776707.0,18513930.0,14.704401016235352,30.600000381469727,0,1.137136697769165,8.62141227722168,0,0.3521690368652344,27.45,74381.0,130515.0,133489.0,162613.0,267.1877136230469,5.809,6.057899952,5.855,5.919,5.81899976730347,5.79,0.24889995199999948,0.019000000000000128,-0.028999767303470314,-0.10000023269652925,0.06399999999999917
96,96,Mauritius,1271767.0,1265711.0,0.786300003528595,37.400001525878906,1,0.6244209408760071,9.083909034729004,0,0.4108026623725891,38.47,10140.0,10787.0,11174.0,11060.0,28.3483829498291,5.888,6.101299763,5.477,5.648,5.62900018692017,5.891,0.2132997630000002,-0.0030000000000001137,0.26199981307983045,-0.01899981307983012,0.17099999999999937
19,19,Romania,19237682.0,19356544.0,81.95890045166016,43.0,0,2.516937494277954,8.980768203735352,0,0.1000402122735977,35.1,,,,,,6.07,6.123700142,5.124,5.528,5.82499980926514,5.945,0.053700141999999396,0.125,0.12000019073486001,0.2969998092651407,0.4039999999999999
100,100,Nicaragua,6624554.0,6545502.0,2.4907000064849854,27.299999237060547,0,0.8604223132133484,9.527918815612791,0,0.2803025543689728,46.515,,,,,,6.105,6.13710022,5.828,5.992,6.07100009918213,6.141,0.032100219999999346,-0.03599999999999959,0.06999990081787022,0.0790000991821298,0.1639999999999997
78,78,Cyprus,875899.0,1198575.0,13.586000442504885,37.29999923706055,1,1.9077906608581543,8.967679023742676,0,0.1741571277379989,29.1,6009.0,5798.0,6218.0,6636.0,60.5133171081543,6.046,6.15899992,5.689,5.546,5.62099981307983,5.762,0.11299992000000003,0.2840000000000007,0.14100018692016913,0.07499981307983017,-0.1429999999999998
76,76,Colombia,50882884.0,50339443.0,84.92639923095703,32.20000076293945,0,0.8139034509658813,9.60649299621582,0,0.1131609007716178,52.0,226799.0,236228.0,243648.0,301480.0,130.25125122070312,6.125,6.163400173,6.477,6.481,6.35699987411499,6.26,0.038400173000000315,-0.1349999999999998,-0.09699987411499045,-0.12400012588500964,0.0039999999999995595
17,17,Poland,37846605.0,37970874.0,75.44670104980469,41.79999923706055,0,3.198971748352051,8.978473663330078,0,0.303745299577713,27.8,402533.0,411312.0,407624.0,485441.0,206.5082092285156,6.182,6.186299801,5.791,5.835,5.97300004959106,6.123,0.00429980099999927,0.05900000000000016,0.1499999504089402,0.13800004959106005,0.043999999999999595
93,93,Lithuania,2722291.0,2786844.0,53.55780029296875,43.5,0,2.538996934890747,8.944458961486816,0,0.1891534179449081,36.9,39990.0,39452.0,38184.0,43824.0,167.55197143554688,6.149,6.215499878,5.833,5.813,5.90199995040894,5.952,0.06649987800000012,0.19700000000000006,0.05000004959105997,0.08899995040894026,-0.020000000000000462
71,71,Bahrain,1701583.0,1641172.0,20.686599731445312,32.400001525878906,1,1.6665959358215332,8.852240562438965,0,0.4869312047958374,59.6,,,,,,6.199,6.227300167,5.96,6.218,6.08699989318848,6.105,0.028300167000000265,0.09399999999999942,0.01800010681152031,-0.13100010681151986,0.258
75,75,Chile,19116209.0,18952038.0,86.87919616699219,35.400001525878906,0,0.5624874234199524,9.722240447998049,0,0.0966943576931953,45.92,106045.0,106458.0,109079.0,127387.0,106.08841705322266,6.444,6.228499889,6.67,6.705,6.65199995040894,6.476,-0.21550011099999988,-0.03200000000000003,-0.17599995040894,-0.05300004959106008,0.03500000000000014
115,115,Uzbekistan,33469199.0,33580650.0,1.8344999551773071,28.200000762939453,0,1.1407219171524048,8.620494842529297,0,0.4348606169223785,39.7,160723.0,154913.0,154570.0,175637.0,56.38095474243164,6.174,6.257599831,6.003,5.987,5.97100019454956,6.096,0.0835998309999999,0.07800000000000029,0.12499980545044043,-0.01599980545044044,-0.016000000000000014
107,107,Slovakia,5459643.0,5454073.0,39.16010284423828,41.20000076293945,0,4.655187606811523,9.018951416015623,0,0.1953515112400055,23.2,53702.0,54137.0,53115.0,60277.0,121.41910552978516,6.198,6.280600071,5.995,6.078,6.09800004959106,6.173,0.08260007099999989,0.025000000000000355,0.07499995040894003,0.02000004959105972,0.08300000000000018
102,102,Panama,4314768.0,4246439.0,93.2146987915039,29.700000762939453,0,0.910283863544464,9.567748069763184,0,0.1816640049219131,49.8,19482.0,19720.0,20332.0,23876.0,94.17676544189452,6.321,6.304800034,6.786,6.701,6.4520001411438,6.43,-0.0161999659999994,-0.10899999999999999,-0.0220001411438,-0.2489998588561999,-0.08499999999999996
116,116,Kosovo,1932774.0,1794248.0,68.91649627685547,35.0,0,3.1344106197357178,9.014948844909668,0,0.1694477647542953,29.01,8738.0,8866.0,9552.0,11108.0,110.32937622070312,6.1,6.325200081,5.589,5.401,5.27899980545044,5.662,0.22520008100000055,0.4379999999999997,0.3830001945495596,-0.12200019454955946,-0.1880000000000006
81,81,El Salvador,6486201.0,6453553.0,20.458799362182617,27.600000381469727,0,0.8633497953414917,9.508163452148438,0,0.2388165891170501,40.5,,,,,,6.253,6.34829998,6.13,6.068,6.00299978256226,6.167,0.09529998000000006,0.0860000000000003,0.16400021743773951,-0.06500021743773932,-0.06200000000000028
108,108,Slovenia,2078932.0,2087946.0,129.7301025390625,44.5,0,4.307637691497803,9.044583320617676,0,0.1766675859689712,23.4,20436.0,20428.0,20547.0,24277.0,182.7107086181641,6.118,6.363399982,5.848,5.768,5.75799989700317,5.948,0.24539998199999946,0.16999999999999993,0.19000010299683012,-0.010000102996829519,-0.08000000000000007
29,29,Brazil,212559409.0,211049527.0,91.71510314941406,33.5,0,0.6567919254302979,9.66565990447998,0,0.1147748008370399,54.0,1312663.0,1316719.0,1349802.0,1571383.0,115.667236328125,6.3,6.375599861,6.983,6.952,6.63500022888184,6.419,0.0755998610000006,-0.11899999999999977,-0.21600022888184078,-0.3169997711181596,-0.030999999999999694
24,24,Singapore,5850343.0,5703569.0,0.4956999719142914,42.400001525878906,1,1.2602404356002808,8.425979614257812,1,0.8685892224311829,45.2,20905.0,21282.0,21446.0,22000.0,13.65771198272705,6.262,6.377099991,6.798,6.739,6.57200002670288,6.343,0.11509999100000012,-0.0810000000000004,-0.22900002670288,-0.1669999732971199,-0.05900000000000016
16,16,Italy,60461828.0,60297396.0,122.6541976928711,47.900001525878906,0,5.500850677490234,9.077784538269045,0,0.0755404233932495,33.4,656891.0,638884.0,642964.0,756317.0,182.2977752685547,6.223,6.38740015,5.948,5.977,5.96400022506714,6.0,0.16440015000000052,0.22299999999999986,0.03599977493286044,-0.012999774932860753,0.028999999999999915
15,15,Spain,46754783.0,47076781.0,108.7311019897461,45.5,0,4.331624507904053,9.17187786102295,0,0.143273651599884,33.2,420589.0,423994.0,414914.0,501106.0,173.2330780029297,6.354,6.400899887,6.329,6.361,6.40299987792969,6.31,0.046899886999999474,0.04400000000000048,-0.09299987792969056,0.0419998779296904,0.03200000000000003
4,4,Saudi Arabia,34813867.0,34268528.0,17.87510108947754,31.899999618530277,0,1.2504826784133911,8.896798133850098,0,0.6506189107894897,45.9,,,,,,6.375,6.406499863,6.411,6.379,6.3439998626709,6.371,0.03149986299999963,0.0039999999999995595,0.027000137329100227,-0.035000137329099346,-0.03200000000000003
114,114,Uruguay,3473727.0,3461734.0,5.2104997634887695,35.599998474121094,0,0.5724685788154602,9.711483001708984,0,0.2474405765533447,39.25,,,,,,6.293,6.440100193,6.485,6.545,6.4539999961853,6.379,0.147100193,-0.08599999999999941,-0.07499999618530051,-0.09100000381469986,0.05999999999999961
30,30,Mexico,128932753.0,127575529.0,97.57569885253906,29.299999237060547,0,0.8478463292121887,9.43381118774414,0,0.1288771778345108,47.5,701160.0,718206.0,728889.0,1045794.0,257.0747375488281,6.595,6.465000153,7.187,6.778,6.57800006866455,6.488,-0.12999984699999967,0.10699999999999932,-0.09000006866454946,-0.1999999313354497,-0.4090000000000007
11,11,France,65273512.0,67059887.0,99.21179962158205,42.0,0,5.0308990478515625,9.092100143432615,0,0.234134092926979,29.3,604105.0,607786.0,611291.0,678259.0,106.59695434570312,6.592,6.663799763,6.575,6.478,6.44199991226196,6.489,0.07179976300000046,0.10299999999999976,0.04700008773803965,-0.03600008773803953,-0.09700000000000042
95,95,Malta,441539.0,502653.0,49.59920120239258,42.400001525878906,1,2.8223886489868164,9.096670150756836,0,0.4028075933456421,28.7,3556.0,3672.0,3684.0,4093.0,96.51993560791016,6.726,6.772799969,6.302,6.488,6.52699995040894,6.627,0.046799969000000274,0.0990000000000002,0.10000004959105979,0.038999950408939554,0.18600000000000083
113,113,United Arab Emirates,9890400.0,9770529.0,6.764100074768066,34.0,0,1.1989803314208984,8.821386337280273,0,0.694008469581604,38.3,,,,,,6.825,6.790800095,6.901,6.573,6.64799976348877,6.774,-0.034199905000000363,0.051000000000000156,0.1260002365112296,0.07499976348877002,-0.3279999999999994
14,14,Belgium,11589616.0,11484055.0,168.49569702148438,41.79999923706055,0,6.343307971954346,9.071179389953612,0,0.302761971950531,25.6,109278.0,110341.0,108436.0,128952.0,169.89352416992188,6.923,6.863500118,6.937,6.929,6.89099979400635,6.927,-0.05949988199999989,-0.0039999999999995595,0.03600020599364928,-0.03800020599364995,-0.008000000000000007
0,0,United States,331002647.0,328239523.0,104.45140075683594,38.29999923706055,0,1.687503218650818,9.314895629882812,0,0.2500427663326263,47.510000000000005,2810927.0,2839076.0,2852747.0,3424996.0,179.2197265625,6.892,6.939599991,7.119,7.104,6.99300003051758,6.886,0.04759999099999934,0.006000000000000227,-0.10700003051757978,-0.11099996948242019,-0.01499999999999968
12,12,Germany,83783945.0,83132799.0,40.33110046386719,46.59999847412109,0,4.837829113006592,9.01769733428955,0,0.4354351758956909,31.1,929351.0,952295.0,936772.0,1000855.0,73.54841613769531,6.985,7.075799942,6.75,6.994,6.95100021362305,6.965,0.09079994199999941,0.020000000000000462,0.01399978637694943,-0.042999786376949345,0.24399999999999977
89,89,Ireland,4937796.0,4941444.0,45.3036003112793,38.70000076293945,1,3.1881022453308105,9.100494384765623,0,0.4306252896785736,30.6,,30621.0,30728.0,32271.0,32.3203010559082,7.021,7.093699932,6.94,6.907,6.97700023651123,6.977,0.07269993199999991,0.043999999999999595,-2.3651122926793278e-07,0.07000023651122955,-0.03300000000000036
65,65,Costa Rica,5094114.0,5047561.0,42.8926010131836,33.599998474121094,0,0.8639742136001587,9.549308776855469,0,0.2125056385993957,48.6,,,,,,7.167,7.121399879,7.226,7.087,7.0789999961853,7.072,-0.04560012099999966,0.09499999999999975,-0.006999996185300006,-0.008000003814699674,-0.13900000000000023
34,34,Israel,8655541.0,9053300.0,38.41469955444336,30.600000381469727,0,2.2502782344818115,8.969634056091309,0,0.2619973719120025,34.4,44425.0,44397.0,45794.0,49469.0,51.917572021484375,7.139,7.128600121,7.278,7.267,7.21299982070923,6.814,-0.01039987900000039,0.3250000000000002,-0.39899982070923024,-0.054000179290770056,-0.010999999999999233
10,10,United Kingdom,67886004.0,66834405.0,108.44950103759766,40.79999923706055,1,5.009472846984863,9.087469100952148,0,0.2675822079181671,34.07,606874.0,613309.0,600532.0,696705.0,133.31314086914062,7.054,7.164500237,6.867,6.725,6.71400022506714,7.19,0.11050023700000011,-0.13600000000000012,0.47599977493286083,-0.010999774932860085,-0.14200000000000035
41,41,Australia,25499881.0,25364307.0,3.56469988822937,37.900001525878906,1,0.4050970375537872,9.101801872253418,1,0.3350496292114258,33.0,,,,,,7.228,7.222799778,7.284,7.313,7.28399991989136,7.272,-0.005200222000000032,-0.04400000000000048,-0.011999919891359845,-0.029000080108639636,0.028999999999999915
40,40,Canada,37742157.0,37589262.0,41.41790008544922,41.400001525878906,0,2.296168088912964,9.26781177520752,0,0.4816161692142486,35.25,,,,,,7.278,7.23210001,7.427,7.404,7.31599998474121,7.328,-0.04589998999999967,-0.05000000000000071,0.012000015258790242,-0.08800001525878987,-0.022999999999999687
70,70,Austria,9006400.0,8877067.0,69.08419799804688,44.400001525878906,0,4.3146820068359375,9.023252487182615,0,0.3576038777828216,26.8,81311.0,82063.0,81557.0,91553.0,110.82119750976562,7.246,7.294199944,7.2,7.119,7.00600004196167,7.139,0.048199943999999384,0.1070000000000002,0.1329999580383303,-0.11299995803832985,-0.0810000000000004
48,48,New Zealand,4822233.0,4917000.0,0.5184000134468079,37.900001525878906,1,0.3790291547775268,9.266324996948242,1,0.5265658497810364,34.1,33495.0,33053.0,34088.0,33177.0,-7.563881874084473,7.307,7.299600124,7.286,7.334,7.31400012969971,7.324,-0.007399876000000027,-0.01699999999999946,0.009999870300290148,-0.019999870300289935,0.04800000000000004
20,20,Sweden,10099270.0,10285453.0,86.41220092773438,41.0,0,2.5899312496185303,8.963016510009766,0,0.4505815207958221,27.0,91626.50000000004,91920.09999999998,88544.70000000004,99647.19999999998,87.81182098388672,7.343,7.353499889,7.364,7.291,7.28399991989136,7.314,0.010499889000000096,0.028999999999999915,0.03000008010863997,-0.007000080108640283,-0.07299999999999951
13,13,Netherlands,17134873.0,17332850.0,67.260498046875,43.20000076293945,0,5.573827266693115,9.059903144836426,0,0.5222078561782837,27.0,149805.0,152991.0,151547.0,171175.0,114.46841430664062,7.488,7.448900223,7.378,7.339,7.3769998550415,7.441,-0.03909977700000056,0.0470000000000006,0.06400014495849948,0.03799985504149994,-0.0389999999999997
101,101,Norway,5421242.0,5347896.0,8.042400360107422,39.70000076293945,0,2.67567777633667,8.99300765991211,0,0.6056562066078186,24.8,40634.0,40716.0,40500.0,41155.0,9.9976806640625,7.554,7.487999916,7.522,7.498,7.53700017929077,7.594,-0.06600008400000057,-0.040000000000000036,0.0569998207092306,0.03900017929076949,-0.02400000000000002
87,87,Iceland,341250.0,361313.0,8.498200416564941,37.29999923706055,1,1.6493347883224487,9.069891929626465,0,0.325368732213974,24.1,2229.0,2247.0,2261.0,2321.0,21.44526672363281,7.494,7.504499912,7.561,7.501,7.50400018692017,7.495,0.010499912000000222,-0.001000000000000334,-0.009000186920169462,0.0030001869201692344,-0.05999999999999961
109,109,Switzerland,8654618.0,8574832.0,88.33430480957031,43.09999847412109,0,5.583521842956543,9.078126907348633,0,0.6600010395050049,30.1,66703.0,66888.0,67515.0,77087.0,116.6800308227539,7.48,7.559899807,7.587,7.509,7.49399995803833,7.487,0.07989980699999943,-0.006999999999999673,-0.006999958038329979,-0.015000041961670263,-0.0779999999999994
22,22,Denmark,5792203.0,5818553.0,22.409399032592773,42.29999923706055,0,3.95305609703064,9.006084442138672,0,0.5717613697052002,27.8,53103.0,55076.0,53805.0,55477.0,25.53377342224121,7.6,7.645599842,7.527,7.526,7.52199983596802,7.555,0.04559984200000056,0.04499999999999993,0.03300016403197947,-0.004000164031979558,-0.001000000000000334
83,83,Finland,5540718.0,5520314.0,10.125,42.79999923706055,0,2.225083351135254,8.926762580871582,0,0.5498598217964172,25.9,53546.0,54394.0,53821.0,55663.0,31.51004219055176,7.769,7.808700085,7.406,7.413,7.4689998626709,7.632,0.039700084999999774,0.13700000000000045,0.16300013732909946,0.05599986267089996,0.007000000000000561
